/*
 Navicat Premium Data Transfer

 Source Server         : MySQL
 Source Server Type    : MySQL
 Source Server Version : 80026
 Source Host           : localhost:3306
 Source Schema         : osdb

 Target Server Type    : MySQL
 Target Server Version : 80026
 File Encoding         : 65001

 Date: 11/01/2022 17:21:40
*/

SET NAMES utf8mb4;
SET FOREIGN_KEY_CHECKS = 0;

-- ----------------------------
-- Table structure for address
-- ----------------------------
DROP TABLE IF EXISTS `address`;
CREATE TABLE `address`  (
  `id` int(0) UNSIGNED NOT NULL AUTO_INCREMENT COMMENT '会员地址表id',
  `member_id` int(0) NOT NULL COMMENT '对应会员的id',
  `name` varchar(50) CHARACTER SET utf8 COLLATE utf8_general_ci NULL DEFAULT NULL COMMENT '收件名',
  `mobile` varchar(11) CHARACTER SET utf8 COLLATE utf8_general_ci NULL DEFAULT NULL COMMENT '收件电话',
  `province` varchar(20) CHARACTER SET utf8 COLLATE utf8_general_ci NULL DEFAULT NULL COMMENT '省',
  `city` varchar(20) CHARACTER SET utf8 COLLATE utf8_general_ci NULL DEFAULT NULL COMMENT '市',
  `district` varchar(20) CHARACTER SET utf8 COLLATE utf8_general_ci NULL DEFAULT NULL COMMENT '区',
  `detail` varchar(255) CHARACTER SET utf8 COLLATE utf8_general_ci NULL DEFAULT NULL COMMENT '详细地址',
  `status` int(0) NOT NULL COMMENT '状态1正常9删除',
  `postalCode` varchar(10) CHARACTER SET utf8 COLLATE utf8_general_ci NULL DEFAULT NULL COMMENT '邮编',
  PRIMARY KEY (`id`) USING BTREE
) ENGINE = InnoDB CHARACTER SET = utf8 COLLATE = utf8_general_ci ROW_FORMAT = Dynamic;

-- ----------------------------
-- Records of address
-- ----------------------------
INSERT INTO `address` VALUES (1, 17, '柯南', '13534343434', '江苏省', '南京市', '栖霞区', '南京邮电大学', 1, '210046');
INSERT INTO `address` VALUES (2, 17, '小张', '13847364723', '广东省', '深圳市', '宝安区', NULL, 1, '518100');
INSERT INTO `address` VALUES (3, 17, '小王', '13328375746', '山西省', '太原市', '迎泽区', NULL, 1, '030000');
INSERT INTO `address` VALUES (4, 17, '小李', '1352345212', '江西省', '南昌市', '东湖区', '安源中大道9号', 1, '337000');
INSERT INTO `address` VALUES (6, 17, '小郑', '13647536452', '江西省', '萍乡市', '安源区', '安源中大道2号', 9, '337000');
INSERT INTO `address` VALUES (8, 17, '郑中', '1352345212', '北京市', '北京市', '东城区', '长安街5号', 1, '');

-- ----------------------------
-- Table structure for category
-- ----------------------------
DROP TABLE IF EXISTS `category`;
CREATE TABLE `category`  (
  `id` int(0) UNSIGNED NOT NULL AUTO_INCREMENT COMMENT '菜品分类id',
  `shop_id` int(0) NULL DEFAULT NULL COMMENT '店铺id',
  `name` varchar(50) CHARACTER SET utf8 COLLATE utf8_general_ci NULL DEFAULT NULL COMMENT '分类名称',
  `status` tinyint(0) NOT NULL DEFAULT 1 COMMENT '状态：1正常 9删除',
  `create_at` datetime(0) NULL DEFAULT NULL COMMENT '添加时间',
  `update_at` datetime(0) NULL DEFAULT NULL COMMENT '修改时间',
  PRIMARY KEY (`id`) USING BTREE
) ENGINE = InnoDB AUTO_INCREMENT = 13 CHARACTER SET = utf8 COLLATE = utf8_general_ci ROW_FORMAT = Dynamic;

-- ----------------------------
-- Records of category
-- ----------------------------
INSERT INTO `category` VALUES (1, 1, '双拼套餐', 1, '2020-07-25 10:20:30', '2020-07-25 10:20:30');
INSERT INTO `category` VALUES (2, 1, '盖饭', 1, '2020-07-25 10:20:30', '2020-07-25 10:20:30');
INSERT INTO `category` VALUES (3, 1, '小菜', 1, '2020-07-25 10:20:30', '2020-07-25 10:20:30');
INSERT INTO `category` VALUES (4, 1, '汤/饮料', 1, '2020-07-25 10:20:30', '2020-07-25 10:20:30');
INSERT INTO `category` VALUES (5, 2, '双拼套餐', 1, '2020-07-25 10:20:30', '2020-07-25 10:20:30');
INSERT INTO `category` VALUES (6, 2, '盖饭', 1, '2020-07-25 10:20:30', '2020-07-25 10:20:30');
INSERT INTO `category` VALUES (7, 2, '小菜', 1, '2020-07-25 10:20:30', '2020-07-25 10:20:30');
INSERT INTO `category` VALUES (8, 2, '汤/饮料', 1, '2020-07-25 10:20:30', '2020-07-25 10:20:30');
INSERT INTO `category` VALUES (9, 3, '盖饭', 1, '2020-07-25 10:20:30', '2020-07-25 10:20:30');
INSERT INTO `category` VALUES (10, 3, '双拼套餐', 1, '2020-07-25 10:20:30', '2020-07-25 10:20:30');

-- ----------------------------
-- Table structure for django_migrations
-- ----------------------------
DROP TABLE IF EXISTS `django_migrations`;
CREATE TABLE `django_migrations`  (
  `id` int(0) NOT NULL AUTO_INCREMENT,
  `app` varchar(255) CHARACTER SET utf8 COLLATE utf8_general_ci NOT NULL,
  `name` varchar(255) CHARACTER SET utf8 COLLATE utf8_general_ci NOT NULL,
  `applied` datetime(6) NOT NULL,
  PRIMARY KEY (`id`) USING BTREE
) ENGINE = InnoDB AUTO_INCREMENT = 1 CHARACTER SET = utf8 COLLATE = utf8_general_ci ROW_FORMAT = Dynamic;

-- ----------------------------
-- Records of django_migrations
-- ----------------------------

-- ----------------------------
-- Table structure for django_session
-- ----------------------------
DROP TABLE IF EXISTS `django_session`;
CREATE TABLE `django_session`  (
  `session_key` varchar(40) CHARACTER SET utf8 COLLATE utf8_general_ci NOT NULL,
  `session_data` longtext CHARACTER SET utf8 COLLATE utf8_general_ci NOT NULL,
  `expire_date` datetime(6) NOT NULL,
  PRIMARY KEY (`session_key`) USING BTREE,
  INDEX `django_session_expire_date_a5c62663`(`expire_date`) USING BTREE
) ENGINE = InnoDB CHARACTER SET = utf8 COLLATE = utf8_general_ci ROW_FORMAT = Dynamic;

-- ----------------------------
-- Records of django_session
-- ----------------------------
INSERT INTO `django_session` VALUES ('0dxsxfijo8au8yi5l0gfnakg26dpa8j6', 'OTBlODNiNzg5MzM1NjA3ZmViZDhkNzc0YWI0OTA3NDk3MDMzZTA5ODp7InZlcmlmeWNvZGUiOiIxMjM5IiwiYWRtaW51c2VyIjp7ImlkIjoxLCJ1c2VybmFtZSI6InpoYW5nc2FuIiwibmlja25hbWUiOiJcdTVmMjBcdTRlMDkiLCJwYXNzd29yZF9oYXNoIjoiMWUxOTFkODUxYjNiNDlhMjQ4ZjRlYTYyZjZiMDY0MTAiLCJwYXNzd29yZF9zYWx0IjoiMTIzNDU2Iiwic3RhdHVzIjo2LCJjcmVhdGVfYXQiOiIyMDIwLTA3LTA4IDE4OjE4OjE4IiwidXBkYXRlX2F0IjoiMjAyMC0wNy0yMiAwODowNjo1NSJ9fQ==', '2021-12-03 08:44:08.421691');
INSERT INTO `django_session` VALUES ('fzhketpzdu7r4uwq2z7600neoi7s9mzd', 'YTBiMGI4NmNmNGM0ZWI3ZDcxZjY0YWNmZDFjZjIyYzFkNTY2OTQ1NTp7InZlcmlmeWNvZGUiOiIyMTYyIiwic2hvcGluZm8iOnsiaWQiOjEsIm5hbWUiOiJcdTc1MzBcdTgwMDFcdTVlMDhcdTdlYTJcdTcwZTdcdTgwODkiLCJzaG9wIjoiXHU2NzFkXHU5NjMzXHU1YzA2XHU1M2YwXHU4ZGVmXHU1ZTk3IiwiY292ZXJfcGljIjoiMTIzNDEyMzQuanBnIiwiYmFubmVyX3BpYyI6ImxnLmpwZyIsImFkZHJlc3MiOiJcdTUzMTdcdTRlYWNcdTVlMDJcdTY3MWRcdTk2MzNcdTUzM2FcdTVjMDZcdTUzZjBcdTRlNjFcdTRlMWNcdTUxNmJcdTk1ZjRcdTYyM2ZcdTY3NTFcdTg5N2ZcdTRlMzQ4XHU1M2Y3IiwicGhvbmUiOiIxMjM0NTY3ODkwNSIsInN0YXR1cyI6MSwiY3JlYXRlX2F0IjoiMjAyMC0wNy0yMCAxMDoxMjozNCIsInVwZGF0ZV9hdCI6IjIwMjAtMDctMjQgMTI6MzQ6NTYifSwiY2F0ZWdvcnlsaXN0Ijp7IjEiOnsiaWQiOjEsIm5hbWUiOiJcdTUzY2NcdTYyZmNcdTU5NTdcdTk5MTAiLCJwaWRzIjpbeyJpZCI6MSwic2hvcF9pZCI6MSwiY2F0ZWdvcnlfaWQiOjEsImNvdmVyX3BpYyI6IjE1MzY2NTc2MjAuNTQ4NTcwNC5qcGciLCJuYW1lIjoiXHU3ZWEyXHU3MGU3XHU4MDg5K1x1NzJlZVx1NWI1MFx1NTkzNCtcdTk5NmVcdTY1OTkiLCJwcmljZSI6MjUuMCwic3RhdHVzIjoxLCJjcmVhdGVfYXQiOiIyMDIwLTA3LTExIDA5OjIwOjIwIiwidXBkYXRlX2F0IjoiMjAyMC0wNy0yNSAxMDoyMDozMCJ9LHsiaWQiOjIsInNob3BfaWQiOjEsImNhdGVnb3J5X2lkIjoxLCJjb3Zlcl9waWMiOiIxNTM2NjU4MzUyLjkzNDE1NTcuanBnIiwibmFtZSI6Ilx1N2VhMlx1NzBlN1x1ODA4OStcdTc1NmFcdTgzMDRcdTllMjFcdTg2Y2IiLCJwcmljZSI6MjIuMCwic3RhdHVzIjoxLCJjcmVhdGVfYXQiOiIyMDIwLTA3LTExIDA5OjMyOjMyIiwidXBkYXRlX2F0IjoiMjAyMC0wNy0yNSAxMDoyMDozMCJ9LHsiaWQiOjMsInNob3BfaWQiOjEsImNhdGVnb3J5X2lkIjoxLCJjb3Zlcl9waWMiOiIxNTM2NjU4NDE1LjY4MzgwMDIuanBnIiwibmFtZSI6Ilx1Njg4NVx1ODNkY1x1NjI2M1x1ODA4OStcdTc1NmFcdTgzMDRcdTllMjFcdTg2Y2IiLCJwcmljZSI6MjIuMCwic3RhdHVzIjoxLCJjcmVhdGVfYXQiOiIyMDIwLTA3LTExIDA5OjMzOjM1IiwidXBkYXRlX2F0IjoiMjAyMC0wNy0yNSAxMDoyMDozMCJ9LHsiaWQiOjQsInNob3BfaWQiOjEsImNhdGVnb3J5X2lkIjoxLCJjb3Zlcl9waWMiOiIxNTM2NjU4NTc0LjI4NDczNzMuanBnIiwibmFtZSI6Ilx1ODBhNVx1NzI1YitcdTc1NmFcdTgzMDRcdTllMjFcdTg2Y2IiLCJwcmljZSI6MjIuMCwic3RhdHVzIjoxLCJjcmVhdGVfYXQiOiIyMDIwLTA3LTExIDA5OjM2OjE0IiwidXBkYXRlX2F0IjoiMjAyMC0wNy0yNSAxMDoyMDozMCJ9XX0sIjIiOnsiaWQiOjIsIm5hbWUiOiJcdTc2ZDZcdTk5NmQiLCJwaWRzIjpbeyJpZCI6NSwic2hvcF9pZCI6MSwiY2F0ZWdvcnlfaWQiOjIsImNvdmVyX3BpYyI6IjE1MzY2NTg2NTkuMDQ0Njk5My5qcGciLCJuYW1lIjoiXHU2ODg1XHU4M2RjXHU2MjYzXHU4MDg5XHU5OTZkIiwicHJpY2UiOjE5LjAsInN0YXR1cyI6MSwiY3JlYXRlX2F0IjoiMjAyMC0wNy0xMSAwOTozNzozOSIsInVwZGF0ZV9hdCI6IjIwMjAtMDctMjUgMTA6MjA6MzAifSx7ImlkIjo2LCJzaG9wX2lkIjoxLCJjYXRlZ29yeV9pZCI6MiwiY292ZXJfcGljIjoiMTUzNjY1ODgyNC4zOTc2NTA1LmpwZyIsIm5hbWUiOiJcdTY3MjhcdTk4N2JcdTgwODlcdTk5NmQiLCJwcmljZSI6MTYuMCwic3RhdHVzIjoxLCJjcmVhdGVfYXQiOiIyMDIwLTA3LTExIDA5OjQwOjI0IiwidXBkYXRlX2F0IjoiMjAyMC0wNy0yNSAxMDoyMDozMCJ9LHsiaWQiOjcsInNob3BfaWQiOjEsImNhdGVnb3J5X2lkIjoyLCJjb3Zlcl9waWMiOiIxNTM2NjU4ODYzLjY3MzI4NTUuanBnIiwibmFtZSI6Ilx1ODBhNVx1NzI1Ylx1OTk2ZCIsInByaWNlIjoxOS4wLCJzdGF0dXMiOjEsImNyZWF0ZV9hdCI6IjIwMjAtMDctMTEgMDk6NDE6MDMiLCJ1cGRhdGVfYXQiOiIyMDIwLTA3LTI1IDEwOjIwOjMwIn0seyJpZCI6OCwic2hvcF9pZCI6MSwiY2F0ZWdvcnlfaWQiOjIsImNvdmVyX3BpYyI6IjE1MzY2NTg5NjAuMzk1NDEzNC5qcGciLCJuYW1lIjoiXHU2NWUwXHU5YWE4XHU1NDk2XHU1NWIxXHU5ZTIxXHU5OTZkIiwicHJpY2UiOjE4LjAsInN0YXR1cyI6MSwiY3JlYXRlX2F0IjoiMjAyMC0wNy0xMSAwOTo0Mjo0MCIsInVwZGF0ZV9hdCI6IjIwMjAtMDctMjUgMTA6MjA6MzAifV19LCIzIjp7ImlkIjozLCJuYW1lIjoiXHU1YzBmXHU4M2RjIiwicGlkcyI6W3siaWQiOjksInNob3BfaWQiOjEsImNhdGVnb3J5X2lkIjozLCJjb3Zlcl9waWMiOiIxNTM2NjU5MTE0LjA0NDAyMzUuanBnIiwibmFtZSI6Ilx1NjcyOFx1OTg3Ylx1ODA4OSIsInByaWNlIjoxMi4wLCJzdGF0dXMiOjEsImNyZWF0ZV9hdCI6IjIwMjAtMDctMTEgMDk6NDQ6MjUiLCJ1cGRhdGVfYXQiOiIyMDIwLTA3LTI1IDEwOjIwOjMwIn0seyJpZCI6MTAsInNob3BfaWQiOjEsImNhdGVnb3J5X2lkIjozLCJjb3Zlcl9waWMiOiIxNTM2NjU5MDY1Ljc5NzI2MzcuanBnIiwibmFtZSI6Ilx1NzU2YVx1ODMwNFx1OWUyMVx1ODZjYiIsInByaWNlIjo0LjAsInN0YXR1cyI6MSwiY3JlYXRlX2F0IjoiMjAyMC0wNy0xMSAwOTo0NToxNCIsInVwZGF0ZV9hdCI6IjIwMjAtMDctMjUgMTA6MjA6MzAifSx7ImlkIjoxMSwic2hvcF9pZCI6MSwiY2F0ZWdvcnlfaWQiOjMsImNvdmVyX3BpYyI6IjE1MzY2NTkxOTcuNzIzMTIyMS5qcGciLCJuYW1lIjoiXHU5NzUyXHU4M2RjIiwicHJpY2UiOjQuMCwic3RhdHVzIjoxLCJjcmVhdGVfYXQiOiIyMDIwLTA3LTExIDA5OjQ2OjM3IiwidXBkYXRlX2F0IjoiMjAyMC0wNy0yNSAxMDoyMDozMCJ9LHsiaWQiOjEyLCJzaG9wX2lkIjoxLCJjYXRlZ29yeV9pZCI6MywiY292ZXJfcGljIjoiMTUzNjY1OTI1My44ODQyNzE2LmpwZyIsIm5hbWUiOiJcdTUzNTVcdTRlZmRcdTk5OTlcdThmYTNcdTdiMGJcdTVlNzJcdTcwZTdcdTgwODkiLCJwcmljZSI6MTUuMCwic3RhdHVzIjoxLCJjcmVhdGVfYXQiOiIyMDIwLTA3LTExIDA5OjQ3OjMzIiwidXBkYXRlX2F0IjoiMjAyMC0wNy0yNSAxMDoyMDozMCJ9XX0sIjQiOnsiaWQiOjQsIm5hbWUiOiJcdTZjNjQvXHU5OTZlXHU2NTk5IiwicGlkcyI6W3siaWQiOjEzLCJzaG9wX2lkIjoxLCJjYXRlZ29yeV9pZCI6NCwiY292ZXJfcGljIjoiMTUzNjY1OTMxMS44Njk5NDkzLmpwZyIsIm5hbWUiOiJcdTc1NmFcdTgzMDRcdTg2Y2JcdTgyYjFcdTZjNjQiLCJwcmljZSI6NC4wLCJzdGF0dXMiOjEsImNyZWF0ZV9hdCI6IjIwMjAtMDctMTEgMDk6NDg6MzEiLCJ1cGRhdGVfYXQiOiIyMDIwLTA3LTI1IDEwOjIwOjMwIn0seyJpZCI6MTQsInNob3BfaWQiOjEsImNhdGVnb3J5X2lkIjo0LCJjb3Zlcl9waWMiOiIxNTM2NjU5MzY0Ljc4OTI1MTMuanBnIiwibmFtZSI6Ilx1NzM4Ylx1ODAwMVx1NTQwOSIsInByaWNlIjo2LjAsInN0YXR1cyI6MSwiY3JlYXRlX2F0IjoiMjAyMC0wNy0xMSAwOTo0OToyNCIsInVwZGF0ZV9hdCI6IjIwMjAtMDctMjUgMTA6MjA6MzAifSx7ImlkIjoxNSwic2hvcF9pZCI6MSwiY2F0ZWdvcnlfaWQiOjQsImNvdmVyX3BpYyI6IjE1MzY2NTk1NjMuMzg5NzY0OC5qcGciLCJuYW1lIjoiXHU2NzljXHU3YzkyXHU2YTU5IiwicHJpY2UiOjUuMCwic3RhdHVzIjoxLCJjcmVhdGVfYXQiOiIyMDIwLTA3LTExIDA5OjUyOjQzIiwidXBkYXRlX2F0IjoiMjAyMC0wNy0yNSAxMDoyMDozMCJ9LHsiaWQiOjE2LCJzaG9wX2lkIjoxLCJjYXRlZ29yeV9pZCI6NCwiY292ZXJfcGljIjoiMTUzNjY1OTYwNS41NTYxNzcxLmpwZyIsIm5hbWUiOiJcdTc3ZmZcdTZjYzlcdTZjMzQiLCJwcmljZSI6My4wLCJzdGF0dXMiOjEsImNyZWF0ZV9hdCI6IjIwMjAtMDctMTEgMDk6NTM6MjUiLCJ1cGRhdGVfYXQiOiIyMDIwLTA3LTI1IDEwOjIwOjMwIn0seyJpZCI6MTcsInNob3BfaWQiOjEsImNhdGVnb3J5X2lkIjo0LCJjb3Zlcl9waWMiOiIxNTM2NjU5Njg4LjQ4NTYxNTcuanBnIiwibmFtZSI6Ilx1NGU0Y1x1Njg4NVx1NmM0MSIsInByaWNlIjo0LjAsInN0YXR1cyI6MSwiY3JlYXRlX2F0IjoiMjAyMC0wNy0xMSAwOTo1NDo0OCIsInVwZGF0ZV9hdCI6IjIwMjAtMDctMjUgMTA6MjA6MzAifV19fSwicHJvZHVjdGxpc3QiOnsiMSI6eyJpZCI6MSwic2hvcF9pZCI6MSwiY2F0ZWdvcnlfaWQiOjEsImNvdmVyX3BpYyI6IjE1MzY2NTc2MjAuNTQ4NTcwNC5qcGciLCJuYW1lIjoiXHU3ZWEyXHU3MGU3XHU4MDg5K1x1NzJlZVx1NWI1MFx1NTkzNCtcdTk5NmVcdTY1OTkiLCJwcmljZSI6MjUuMCwic3RhdHVzIjoxLCJjcmVhdGVfYXQiOiIyMDIwLTA3LTExIDA5OjIwOjIwIiwidXBkYXRlX2F0IjoiMjAyMC0wNy0yNSAxMDoyMDozMCJ9LCIyIjp7ImlkIjoyLCJzaG9wX2lkIjoxLCJjYXRlZ29yeV9pZCI6MSwiY292ZXJfcGljIjoiMTUzNjY1ODM1Mi45MzQxNTU3LmpwZyIsIm5hbWUiOiJcdTdlYTJcdTcwZTdcdTgwODkrXHU3NTZhXHU4MzA0XHU5ZTIxXHU4NmNiIiwicHJpY2UiOjIyLjAsInN0YXR1cyI6MSwiY3JlYXRlX2F0IjoiMjAyMC0wNy0xMSAwOTozMjozMiIsInVwZGF0ZV9hdCI6IjIwMjAtMDctMjUgMTA6MjA6MzAifSwiMyI6eyJpZCI6Mywic2hvcF9pZCI6MSwiY2F0ZWdvcnlfaWQiOjEsImNvdmVyX3BpYyI6IjE1MzY2NTg0MTUuNjgzODAwMi5qcGciLCJuYW1lIjoiXHU2ODg1XHU4M2RjXHU2MjYzXHU4MDg5K1x1NzU2YVx1ODMwNFx1OWUyMVx1ODZjYiIsInByaWNlIjoyMi4wLCJzdGF0dXMiOjEsImNyZWF0ZV9hdCI6IjIwMjAtMDctMTEgMDk6MzM6MzUiLCJ1cGRhdGVfYXQiOiIyMDIwLTA3LTI1IDEwOjIwOjMwIn0sIjQiOnsiaWQiOjQsInNob3BfaWQiOjEsImNhdGVnb3J5X2lkIjoxLCJjb3Zlcl9waWMiOiIxNTM2NjU4NTc0LjI4NDczNzMuanBnIiwibmFtZSI6Ilx1ODBhNVx1NzI1YitcdTc1NmFcdTgzMDRcdTllMjFcdTg2Y2IiLCJwcmljZSI6MjIuMCwic3RhdHVzIjoxLCJjcmVhdGVfYXQiOiIyMDIwLTA3LTExIDA5OjM2OjE0IiwidXBkYXRlX2F0IjoiMjAyMC0wNy0yNSAxMDoyMDozMCJ9LCI1Ijp7ImlkIjo1LCJzaG9wX2lkIjoxLCJjYXRlZ29yeV9pZCI6MiwiY292ZXJfcGljIjoiMTUzNjY1ODY1OS4wNDQ2OTkzLmpwZyIsIm5hbWUiOiJcdTY4ODVcdTgzZGNcdTYyNjNcdTgwODlcdTk5NmQiLCJwcmljZSI6MTkuMCwic3RhdHVzIjoxLCJjcmVhdGVfYXQiOiIyMDIwLTA3LTExIDA5OjM3OjM5IiwidXBkYXRlX2F0IjoiMjAyMC0wNy0yNSAxMDoyMDozMCJ9LCI2Ijp7ImlkIjo2LCJzaG9wX2lkIjoxLCJjYXRlZ29yeV9pZCI6MiwiY292ZXJfcGljIjoiMTUzNjY1ODgyNC4zOTc2NTA1LmpwZyIsIm5hbWUiOiJcdTY3MjhcdTk4N2JcdTgwODlcdTk5NmQiLCJwcmljZSI6MTYuMCwic3RhdHVzIjoxLCJjcmVhdGVfYXQiOiIyMDIwLTA3LTExIDA5OjQwOjI0IiwidXBkYXRlX2F0IjoiMjAyMC0wNy0yNSAxMDoyMDozMCJ9LCI3Ijp7ImlkIjo3LCJzaG9wX2lkIjoxLCJjYXRlZ29yeV9pZCI6MiwiY292ZXJfcGljIjoiMTUzNjY1ODg2My42NzMyODU1LmpwZyIsIm5hbWUiOiJcdTgwYTVcdTcyNWJcdTk5NmQiLCJwcmljZSI6MTkuMCwic3RhdHVzIjoxLCJjcmVhdGVfYXQiOiIyMDIwLTA3LTExIDA5OjQxOjAzIiwidXBkYXRlX2F0IjoiMjAyMC0wNy0yNSAxMDoyMDozMCJ9LCI4Ijp7ImlkIjo4LCJzaG9wX2lkIjoxLCJjYXRlZ29yeV9pZCI6MiwiY292ZXJfcGljIjoiMTUzNjY1ODk2MC4zOTU0MTM0LmpwZyIsIm5hbWUiOiJcdTY1ZTBcdTlhYThcdTU0OTZcdTU1YjFcdTllMjFcdTk5NmQiLCJwcmljZSI6MTguMCwic3RhdHVzIjoxLCJjcmVhdGVfYXQiOiIyMDIwLTA3LTExIDA5OjQyOjQwIiwidXBkYXRlX2F0IjoiMjAyMC0wNy0yNSAxMDoyMDozMCJ9LCI5Ijp7ImlkIjo5LCJzaG9wX2lkIjoxLCJjYXRlZ29yeV9pZCI6MywiY292ZXJfcGljIjoiMTUzNjY1OTExNC4wNDQwMjM1LmpwZyIsIm5hbWUiOiJcdTY3MjhcdTk4N2JcdTgwODkiLCJwcmljZSI6MTIuMCwic3RhdHVzIjoxLCJjcmVhdGVfYXQiOiIyMDIwLTA3LTExIDA5OjQ0OjI1IiwidXBkYXRlX2F0IjoiMjAyMC0wNy0yNSAxMDoyMDozMCJ9LCIxMCI6eyJpZCI6MTAsInNob3BfaWQiOjEsImNhdGVnb3J5X2lkIjozLCJjb3Zlcl9waWMiOiIxNTM2NjU5MDY1Ljc5NzI2MzcuanBnIiwibmFtZSI6Ilx1NzU2YVx1ODMwNFx1OWUyMVx1ODZjYiIsInByaWNlIjo0LjAsInN0YXR1cyI6MSwiY3JlYXRlX2F0IjoiMjAyMC0wNy0xMSAwOTo0NToxNCIsInVwZGF0ZV9hdCI6IjIwMjAtMDctMjUgMTA6MjA6MzAifSwiMTEiOnsiaWQiOjExLCJzaG9wX2lkIjoxLCJjYXRlZ29yeV9pZCI6MywiY292ZXJfcGljIjoiMTUzNjY1OTE5Ny43MjMxMjIxLmpwZyIsIm5hbWUiOiJcdTk3NTJcdTgzZGMiLCJwcmljZSI6NC4wLCJzdGF0dXMiOjEsImNyZWF0ZV9hdCI6IjIwMjAtMDctMTEgMDk6NDY6MzciLCJ1cGRhdGVfYXQiOiIyMDIwLTA3LTI1IDEwOjIwOjMwIn0sIjEyIjp7ImlkIjoxMiwic2hvcF9pZCI6MSwiY2F0ZWdvcnlfaWQiOjMsImNvdmVyX3BpYyI6IjE1MzY2NTkyNTMuODg0MjcxNi5qcGciLCJuYW1lIjoiXHU1MzU1XHU0ZWZkXHU5OTk5XHU4ZmEzXHU3YjBiXHU1ZTcyXHU3MGU3XHU4MDg5IiwicHJpY2UiOjE1LjAsInN0YXR1cyI6MSwiY3JlYXRlX2F0IjoiMjAyMC0wNy0xMSAwOTo0NzozMyIsInVwZGF0ZV9hdCI6IjIwMjAtMDctMjUgMTA6MjA6MzAifSwiMTMiOnsiaWQiOjEzLCJzaG9wX2lkIjoxLCJjYXRlZ29yeV9pZCI6NCwiY292ZXJfcGljIjoiMTUzNjY1OTMxMS44Njk5NDkzLmpwZyIsIm5hbWUiOiJcdTc1NmFcdTgzMDRcdTg2Y2JcdTgyYjFcdTZjNjQiLCJwcmljZSI6NC4wLCJzdGF0dXMiOjEsImNyZWF0ZV9hdCI6IjIwMjAtMDctMTEgMDk6NDg6MzEiLCJ1cGRhdGVfYXQiOiIyMDIwLTA3LTI1IDEwOjIwOjMwIn0sIjE0Ijp7ImlkIjoxNCwic2hvcF9pZCI6MSwiY2F0ZWdvcnlfaWQiOjQsImNvdmVyX3BpYyI6IjE1MzY2NTkzNjQuNzg5MjUxMy5qcGciLCJuYW1lIjoiXHU3MzhiXHU4MDAxXHU1NDA5IiwicHJpY2UiOjYuMCwic3RhdHVzIjoxLCJjcmVhdGVfYXQiOiIyMDIwLTA3LTExIDA5OjQ5OjI0IiwidXBkYXRlX2F0IjoiMjAyMC0wNy0yNSAxMDoyMDozMCJ9LCIxNSI6eyJpZCI6MTUsInNob3BfaWQiOjEsImNhdGVnb3J5X2lkIjo0LCJjb3Zlcl9waWMiOiIxNTM2NjU5NTYzLjM4OTc2NDguanBnIiwibmFtZSI6Ilx1Njc5Y1x1N2M5Mlx1NmE1OSIsInByaWNlIjo1LjAsInN0YXR1cyI6MSwiY3JlYXRlX2F0IjoiMjAyMC0wNy0xMSAwOTo1Mjo0MyIsInVwZGF0ZV9hdCI6IjIwMjAtMDctMjUgMTA6MjA6MzAifSwiMTYiOnsiaWQiOjE2LCJzaG9wX2lkIjoxLCJjYXRlZ29yeV9pZCI6NCwiY292ZXJfcGljIjoiMTUzNjY1OTYwNS41NTYxNzcxLmpwZyIsIm5hbWUiOiJcdTc3ZmZcdTZjYzlcdTZjMzQiLCJwcmljZSI6My4wLCJzdGF0dXMiOjEsImNyZWF0ZV9hdCI6IjIwMjAtMDctMTEgMDk6NTM6MjUiLCJ1cGRhdGVfYXQiOiIyMDIwLTA3LTI1IDEwOjIwOjMwIn0sIjE3Ijp7ImlkIjoxNywic2hvcF9pZCI6MSwiY2F0ZWdvcnlfaWQiOjQsImNvdmVyX3BpYyI6IjE1MzY2NTk2ODguNDg1NjE1Ny5qcGciLCJuYW1lIjoiXHU0ZTRjXHU2ODg1XHU2YzQxIiwicHJpY2UiOjQuMCwic3RhdHVzIjoxLCJjcmVhdGVfYXQiOiIyMDIwLTA3LTExIDA5OjU0OjQ4IiwidXBkYXRlX2F0IjoiMjAyMC0wNy0yNSAxMDoyMDozMCJ9fSwid2VidXNlciI6eyJpZCI6MSwidXNlcm5hbWUiOiJ6aGFuZ3NhbiIsIm5pY2tuYW1lIjoiXHU1ZjIwXHU0ZTA5IiwicGFzc3dvcmRfaGFzaCI6IjFlMTkxZDg1MWIzYjQ5YTI0OGY0ZWE2MmY2YjA2NDEwIiwicGFzc3dvcmRfc2FsdCI6IjEyMzQ1NiIsInN0YXR1cyI6NiwiY3JlYXRlX2F0IjoiMjAyMC0wNy0wOCAxODoxODoxOCIsInVwZGF0ZV9hdCI6IjIwMjAtMDctMjIgMDg6MDY6NTUifX0=', '2021-12-22 02:28:48.172358');
INSERT INTO `django_session` VALUES ('skwwquy0xgijzgfc2opyavdz5d8838fc', 'N2ZlNDYxOWE5OGViMDcxMjdkY2E2MWE1ZmEyZmQ2Y2Y2ZmRlMzBhYzp7InZlcmlmeWNvZGUiOiI3MDg3IiwibW9iaWxldXNlciI6eyJpZCI6MTcsIm5pY2tuYW1lIjoiXHU2N2VmXHU1MzU3IiwiYXZhdGFyIjoiMTY0MDU3MjYxNC4zMjU2NDA0LmpwZWciLCJtb2JpbGUiOiIxMzUzNDM0MzQzNCIsInN0YXR1cyI6MSwiY3JlYXRlX2F0IjoiMjAyMS0xMi0xMCAwNjowMTo1MCIsInVwZGF0ZV9hdCI6IjIwMjEtMTItMjcgMDI6MzY6NTQifSwic2hvcGluZm8iOnsiaWQiOjEsIm5hbWUiOiJcdTc1MzBcdTgwMDFcdTVlMDhcdTdlYTJcdTcwZTdcdTgwODkiLCJzaG9wIjoiXHU2NzFkXHU5NjMzXHU1YzA2XHU1M2YwXHU4ZGVmXHU1ZTk3IiwiY292ZXJfcGljIjoiMTIzNDEyMzQuanBnIiwiYmFubmVyX3BpYyI6ImxnLmpwZyIsImFkZHJlc3MiOiJcdTUzMTdcdTRlYWNcdTVlMDJcdTY3MWRcdTk2MzNcdTUzM2FcdTVjMDZcdTUzZjBcdTRlNjFcdTRlMWNcdTUxNmJcdTk1ZjRcdTYyM2ZcdTY3NTFcdTg5N2ZcdTRlMzQ4XHU1M2Y3IiwicGhvbmUiOiIxMjM0NTY3ODkwNSIsInN0YXR1cyI6MSwiY3JlYXRlX2F0IjoiMjAyMC0wNy0yMCAxMDoxMjozNCIsInVwZGF0ZV9hdCI6IjIwMjAtMDctMjQgMTI6MzQ6NTYifSwiY2FydGxpc3QiOnt9fQ==', '2022-01-25 02:42:49.537021');
INSERT INTO `django_session` VALUES ('wgsaqh1njy0ci343w3e161qg28ds2fft', 'ZTIwYTc4Njg1NjRkZWQ3Y2E2YTRlZjAyMjE3NWJhYjNlN2UzODg0Yzp7InZlcmlmeWNvZGUiOiI4ODM3Iiwic2hvcGluZm8iOnsiaWQiOjEsIm5hbWUiOiJcdTc1MzBcdTgwMDFcdTVlMDhcdTdlYTJcdTcwZTdcdTgwODkiLCJzaG9wIjoiXHU2NzFkXHU5NjMzXHU1YzA2XHU1M2YwXHU4ZGVmXHU1ZTk3IiwiY292ZXJfcGljIjoiMTIzNDEyMzQuanBnIiwiYmFubmVyX3BpYyI6ImxnLmpwZyIsImFkZHJlc3MiOiJcdTUzMTdcdTRlYWNcdTVlMDJcdTY3MWRcdTk2MzNcdTUzM2FcdTVjMDZcdTUzZjBcdTRlNjFcdTRlMWNcdTUxNmJcdTk1ZjRcdTYyM2ZcdTY3NTFcdTg5N2ZcdTRlMzQ4XHU1M2Y3IiwicGhvbmUiOiIxMjM0NTY3ODkwNSIsInN0YXR1cyI6MSwiY3JlYXRlX2F0IjoiMjAyMC0wNy0yMCAxMDoxMjozNCIsInVwZGF0ZV9hdCI6IjIwMjAtMDctMjQgMTI6MzQ6NTYifSwiY2F0ZWdvcnlsaXN0Ijp7IjEiOnsiaWQiOjEsIm5hbWUiOiJcdTUzY2NcdTYyZmNcdTU5NTdcdTk5MTAiLCJwaWRzIjpbeyJpZCI6MSwic2hvcF9pZCI6MSwiY2F0ZWdvcnlfaWQiOjEsImNvdmVyX3BpYyI6IjE1MzY2NTc2MjAuNTQ4NTcwNC5qcGciLCJuYW1lIjoiXHU3ZWEyXHU3MGU3XHU4MDg5K1x1NzJlZVx1NWI1MFx1NTkzNCtcdTk5NmVcdTY1OTkiLCJwcmljZSI6MjUuMCwic3RhdHVzIjoxLCJjcmVhdGVfYXQiOiIyMDIwLTA3LTExIDA5OjIwOjIwIiwidXBkYXRlX2F0IjoiMjAyMC0wNy0yNSAxMDoyMDozMCJ9LHsiaWQiOjIsInNob3BfaWQiOjEsImNhdGVnb3J5X2lkIjoxLCJjb3Zlcl9waWMiOiIxNTM2NjU4MzUyLjkzNDE1NTcuanBnIiwibmFtZSI6Ilx1N2VhMlx1NzBlN1x1ODA4OStcdTc1NmFcdTgzMDRcdTllMjFcdTg2Y2IiLCJwcmljZSI6MjIuMCwic3RhdHVzIjoxLCJjcmVhdGVfYXQiOiIyMDIwLTA3LTExIDA5OjMyOjMyIiwidXBkYXRlX2F0IjoiMjAyMC0wNy0yNSAxMDoyMDozMCJ9LHsiaWQiOjMsInNob3BfaWQiOjEsImNhdGVnb3J5X2lkIjoxLCJjb3Zlcl9waWMiOiIxNTM2NjU4NDE1LjY4MzgwMDIuanBnIiwibmFtZSI6Ilx1Njg4NVx1ODNkY1x1NjI2M1x1ODA4OStcdTc1NmFcdTgzMDRcdTllMjFcdTg2Y2IiLCJwcmljZSI6MjIuMCwic3RhdHVzIjoxLCJjcmVhdGVfYXQiOiIyMDIwLTA3LTExIDA5OjMzOjM1IiwidXBkYXRlX2F0IjoiMjAyMC0wNy0yNSAxMDoyMDozMCJ9LHsiaWQiOjQsInNob3BfaWQiOjEsImNhdGVnb3J5X2lkIjoxLCJjb3Zlcl9waWMiOiIxNTM2NjU4NTc0LjI4NDczNzMuanBnIiwibmFtZSI6Ilx1ODBhNVx1NzI1YitcdTc1NmFcdTgzMDRcdTllMjFcdTg2Y2IiLCJwcmljZSI6MjIuMCwic3RhdHVzIjoxLCJjcmVhdGVfYXQiOiIyMDIwLTA3LTExIDA5OjM2OjE0IiwidXBkYXRlX2F0IjoiMjAyMC0wNy0yNSAxMDoyMDozMCJ9XX0sIjIiOnsiaWQiOjIsIm5hbWUiOiJcdTc2ZDZcdTk5NmQiLCJwaWRzIjpbeyJpZCI6NSwic2hvcF9pZCI6MSwiY2F0ZWdvcnlfaWQiOjIsImNvdmVyX3BpYyI6IjE1MzY2NTg2NTkuMDQ0Njk5My5qcGciLCJuYW1lIjoiXHU2ODg1XHU4M2RjXHU2MjYzXHU4MDg5XHU5OTZkIiwicHJpY2UiOjE5LjAsInN0YXR1cyI6MSwiY3JlYXRlX2F0IjoiMjAyMC0wNy0xMSAwOTozNzozOSIsInVwZGF0ZV9hdCI6IjIwMjAtMDctMjUgMTA6MjA6MzAifSx7ImlkIjo2LCJzaG9wX2lkIjoxLCJjYXRlZ29yeV9pZCI6MiwiY292ZXJfcGljIjoiMTUzNjY1ODgyNC4zOTc2NTA1LmpwZyIsIm5hbWUiOiJcdTY3MjhcdTk4N2JcdTgwODlcdTk5NmQiLCJwcmljZSI6MTYuMCwic3RhdHVzIjoxLCJjcmVhdGVfYXQiOiIyMDIwLTA3LTExIDA5OjQwOjI0IiwidXBkYXRlX2F0IjoiMjAyMC0wNy0yNSAxMDoyMDozMCJ9LHsiaWQiOjcsInNob3BfaWQiOjEsImNhdGVnb3J5X2lkIjoyLCJjb3Zlcl9waWMiOiIxNTM2NjU4ODYzLjY3MzI4NTUuanBnIiwibmFtZSI6Ilx1ODBhNVx1NzI1Ylx1OTk2ZCIsInByaWNlIjoxOS4wLCJzdGF0dXMiOjEsImNyZWF0ZV9hdCI6IjIwMjAtMDctMTEgMDk6NDE6MDMiLCJ1cGRhdGVfYXQiOiIyMDIwLTA3LTI1IDEwOjIwOjMwIn0seyJpZCI6OCwic2hvcF9pZCI6MSwiY2F0ZWdvcnlfaWQiOjIsImNvdmVyX3BpYyI6IjE1MzY2NTg5NjAuMzk1NDEzNC5qcGciLCJuYW1lIjoiXHU2NWUwXHU5YWE4XHU1NDk2XHU1NWIxXHU5ZTIxXHU5OTZkIiwicHJpY2UiOjE4LjAsInN0YXR1cyI6MSwiY3JlYXRlX2F0IjoiMjAyMC0wNy0xMSAwOTo0Mjo0MCIsInVwZGF0ZV9hdCI6IjIwMjAtMDctMjUgMTA6MjA6MzAifV19LCIzIjp7ImlkIjozLCJuYW1lIjoiXHU1YzBmXHU4M2RjIiwicGlkcyI6W3siaWQiOjksInNob3BfaWQiOjEsImNhdGVnb3J5X2lkIjozLCJjb3Zlcl9waWMiOiIxNTM2NjU5MTE0LjA0NDAyMzUuanBnIiwibmFtZSI6Ilx1NjcyOFx1OTg3Ylx1ODA4OSIsInByaWNlIjoxMi4wLCJzdGF0dXMiOjEsImNyZWF0ZV9hdCI6IjIwMjAtMDctMTEgMDk6NDQ6MjUiLCJ1cGRhdGVfYXQiOiIyMDIwLTA3LTI1IDEwOjIwOjMwIn0seyJpZCI6MTAsInNob3BfaWQiOjEsImNhdGVnb3J5X2lkIjozLCJjb3Zlcl9waWMiOiIxNTM2NjU5MDY1Ljc5NzI2MzcuanBnIiwibmFtZSI6Ilx1NzU2YVx1ODMwNFx1OWUyMVx1ODZjYiIsInByaWNlIjo0LjAsInN0YXR1cyI6MSwiY3JlYXRlX2F0IjoiMjAyMC0wNy0xMSAwOTo0NToxNCIsInVwZGF0ZV9hdCI6IjIwMjAtMDctMjUgMTA6MjA6MzAifSx7ImlkIjoxMSwic2hvcF9pZCI6MSwiY2F0ZWdvcnlfaWQiOjMsImNvdmVyX3BpYyI6IjE1MzY2NTkxOTcuNzIzMTIyMS5qcGciLCJuYW1lIjoiXHU5NzUyXHU4M2RjIiwicHJpY2UiOjQuMCwic3RhdHVzIjoxLCJjcmVhdGVfYXQiOiIyMDIwLTA3LTExIDA5OjQ2OjM3IiwidXBkYXRlX2F0IjoiMjAyMC0wNy0yNSAxMDoyMDozMCJ9LHsiaWQiOjEyLCJzaG9wX2lkIjoxLCJjYXRlZ29yeV9pZCI6MywiY292ZXJfcGljIjoiMTUzNjY1OTI1My44ODQyNzE2LmpwZyIsIm5hbWUiOiJcdTUzNTVcdTRlZmRcdTk5OTlcdThmYTNcdTdiMGJcdTVlNzJcdTcwZTdcdTgwODkiLCJwcmljZSI6MTUuMCwic3RhdHVzIjoxLCJjcmVhdGVfYXQiOiIyMDIwLTA3LTExIDA5OjQ3OjMzIiwidXBkYXRlX2F0IjoiMjAyMC0wNy0yNSAxMDoyMDozMCJ9XX0sIjQiOnsiaWQiOjQsIm5hbWUiOiJcdTZjNjQvXHU5OTZlXHU2NTk5IiwicGlkcyI6W3siaWQiOjEzLCJzaG9wX2lkIjoxLCJjYXRlZ29yeV9pZCI6NCwiY292ZXJfcGljIjoiMTUzNjY1OTMxMS44Njk5NDkzLmpwZyIsIm5hbWUiOiJcdTc1NmFcdTgzMDRcdTg2Y2JcdTgyYjFcdTZjNjQiLCJwcmljZSI6NC4wLCJzdGF0dXMiOjEsImNyZWF0ZV9hdCI6IjIwMjAtMDctMTEgMDk6NDg6MzEiLCJ1cGRhdGVfYXQiOiIyMDIwLTA3LTI1IDEwOjIwOjMwIn0seyJpZCI6MTQsInNob3BfaWQiOjEsImNhdGVnb3J5X2lkIjo0LCJjb3Zlcl9waWMiOiIxNTM2NjU5MzY0Ljc4OTI1MTMuanBnIiwibmFtZSI6Ilx1NzM4Ylx1ODAwMVx1NTQwOSIsInByaWNlIjo2LjAsInN0YXR1cyI6MSwiY3JlYXRlX2F0IjoiMjAyMC0wNy0xMSAwOTo0OToyNCIsInVwZGF0ZV9hdCI6IjIwMjAtMDctMjUgMTA6MjA6MzAifSx7ImlkIjoxNSwic2hvcF9pZCI6MSwiY2F0ZWdvcnlfaWQiOjQsImNvdmVyX3BpYyI6IjE1MzY2NTk1NjMuMzg5NzY0OC5qcGciLCJuYW1lIjoiXHU2NzljXHU3YzkyXHU2YTU5IiwicHJpY2UiOjUuMCwic3RhdHVzIjoxLCJjcmVhdGVfYXQiOiIyMDIwLTA3LTExIDA5OjUyOjQzIiwidXBkYXRlX2F0IjoiMjAyMC0wNy0yNSAxMDoyMDozMCJ9LHsiaWQiOjE2LCJzaG9wX2lkIjoxLCJjYXRlZ29yeV9pZCI6NCwiY292ZXJfcGljIjoiMTUzNjY1OTYwNS41NTYxNzcxLmpwZyIsIm5hbWUiOiJcdTc3ZmZcdTZjYzlcdTZjMzQiLCJwcmljZSI6My4wLCJzdGF0dXMiOjEsImNyZWF0ZV9hdCI6IjIwMjAtMDctMTEgMDk6NTM6MjUiLCJ1cGRhdGVfYXQiOiIyMDIwLTA3LTI1IDEwOjIwOjMwIn0seyJpZCI6MTcsInNob3BfaWQiOjEsImNhdGVnb3J5X2lkIjo0LCJjb3Zlcl9waWMiOiIxNTM2NjU5Njg4LjQ4NTYxNTcuanBnIiwibmFtZSI6Ilx1NGU0Y1x1Njg4NVx1NmM0MSIsInByaWNlIjo0LjAsInN0YXR1cyI6MSwiY3JlYXRlX2F0IjoiMjAyMC0wNy0xMSAwOTo1NDo0OCIsInVwZGF0ZV9hdCI6IjIwMjAtMDctMjUgMTA6MjA6MzAifV19fSwicHJvZHVjdGxpc3QiOnsiMSI6eyJpZCI6MSwic2hvcF9pZCI6MSwiY2F0ZWdvcnlfaWQiOjEsImNvdmVyX3BpYyI6IjE1MzY2NTc2MjAuNTQ4NTcwNC5qcGciLCJuYW1lIjoiXHU3ZWEyXHU3MGU3XHU4MDg5K1x1NzJlZVx1NWI1MFx1NTkzNCtcdTk5NmVcdTY1OTkiLCJwcmljZSI6MjUuMCwic3RhdHVzIjoxLCJjcmVhdGVfYXQiOiIyMDIwLTA3LTExIDA5OjIwOjIwIiwidXBkYXRlX2F0IjoiMjAyMC0wNy0yNSAxMDoyMDozMCJ9LCIyIjp7ImlkIjoyLCJzaG9wX2lkIjoxLCJjYXRlZ29yeV9pZCI6MSwiY292ZXJfcGljIjoiMTUzNjY1ODM1Mi45MzQxNTU3LmpwZyIsIm5hbWUiOiJcdTdlYTJcdTcwZTdcdTgwODkrXHU3NTZhXHU4MzA0XHU5ZTIxXHU4NmNiIiwicHJpY2UiOjIyLjAsInN0YXR1cyI6MSwiY3JlYXRlX2F0IjoiMjAyMC0wNy0xMSAwOTozMjozMiIsInVwZGF0ZV9hdCI6IjIwMjAtMDctMjUgMTA6MjA6MzAifSwiMyI6eyJpZCI6Mywic2hvcF9pZCI6MSwiY2F0ZWdvcnlfaWQiOjEsImNvdmVyX3BpYyI6IjE1MzY2NTg0MTUuNjgzODAwMi5qcGciLCJuYW1lIjoiXHU2ODg1XHU4M2RjXHU2MjYzXHU4MDg5K1x1NzU2YVx1ODMwNFx1OWUyMVx1ODZjYiIsInByaWNlIjoyMi4wLCJzdGF0dXMiOjEsImNyZWF0ZV9hdCI6IjIwMjAtMDctMTEgMDk6MzM6MzUiLCJ1cGRhdGVfYXQiOiIyMDIwLTA3LTI1IDEwOjIwOjMwIn0sIjQiOnsiaWQiOjQsInNob3BfaWQiOjEsImNhdGVnb3J5X2lkIjoxLCJjb3Zlcl9waWMiOiIxNTM2NjU4NTc0LjI4NDczNzMuanBnIiwibmFtZSI6Ilx1ODBhNVx1NzI1YitcdTc1NmFcdTgzMDRcdTllMjFcdTg2Y2IiLCJwcmljZSI6MjIuMCwic3RhdHVzIjoxLCJjcmVhdGVfYXQiOiIyMDIwLTA3LTExIDA5OjM2OjE0IiwidXBkYXRlX2F0IjoiMjAyMC0wNy0yNSAxMDoyMDozMCJ9LCI1Ijp7ImlkIjo1LCJzaG9wX2lkIjoxLCJjYXRlZ29yeV9pZCI6MiwiY292ZXJfcGljIjoiMTUzNjY1ODY1OS4wNDQ2OTkzLmpwZyIsIm5hbWUiOiJcdTY4ODVcdTgzZGNcdTYyNjNcdTgwODlcdTk5NmQiLCJwcmljZSI6MTkuMCwic3RhdHVzIjoxLCJjcmVhdGVfYXQiOiIyMDIwLTA3LTExIDA5OjM3OjM5IiwidXBkYXRlX2F0IjoiMjAyMC0wNy0yNSAxMDoyMDozMCJ9LCI2Ijp7ImlkIjo2LCJzaG9wX2lkIjoxLCJjYXRlZ29yeV9pZCI6MiwiY292ZXJfcGljIjoiMTUzNjY1ODgyNC4zOTc2NTA1LmpwZyIsIm5hbWUiOiJcdTY3MjhcdTk4N2JcdTgwODlcdTk5NmQiLCJwcmljZSI6MTYuMCwic3RhdHVzIjoxLCJjcmVhdGVfYXQiOiIyMDIwLTA3LTExIDA5OjQwOjI0IiwidXBkYXRlX2F0IjoiMjAyMC0wNy0yNSAxMDoyMDozMCJ9LCI3Ijp7ImlkIjo3LCJzaG9wX2lkIjoxLCJjYXRlZ29yeV9pZCI6MiwiY292ZXJfcGljIjoiMTUzNjY1ODg2My42NzMyODU1LmpwZyIsIm5hbWUiOiJcdTgwYTVcdTcyNWJcdTk5NmQiLCJwcmljZSI6MTkuMCwic3RhdHVzIjoxLCJjcmVhdGVfYXQiOiIyMDIwLTA3LTExIDA5OjQxOjAzIiwidXBkYXRlX2F0IjoiMjAyMC0wNy0yNSAxMDoyMDozMCJ9LCI4Ijp7ImlkIjo4LCJzaG9wX2lkIjoxLCJjYXRlZ29yeV9pZCI6MiwiY292ZXJfcGljIjoiMTUzNjY1ODk2MC4zOTU0MTM0LmpwZyIsIm5hbWUiOiJcdTY1ZTBcdTlhYThcdTU0OTZcdTU1YjFcdTllMjFcdTk5NmQiLCJwcmljZSI6MTguMCwic3RhdHVzIjoxLCJjcmVhdGVfYXQiOiIyMDIwLTA3LTExIDA5OjQyOjQwIiwidXBkYXRlX2F0IjoiMjAyMC0wNy0yNSAxMDoyMDozMCJ9LCI5Ijp7ImlkIjo5LCJzaG9wX2lkIjoxLCJjYXRlZ29yeV9pZCI6MywiY292ZXJfcGljIjoiMTUzNjY1OTExNC4wNDQwMjM1LmpwZyIsIm5hbWUiOiJcdTY3MjhcdTk4N2JcdTgwODkiLCJwcmljZSI6MTIuMCwic3RhdHVzIjoxLCJjcmVhdGVfYXQiOiIyMDIwLTA3LTExIDA5OjQ0OjI1IiwidXBkYXRlX2F0IjoiMjAyMC0wNy0yNSAxMDoyMDozMCJ9LCIxMCI6eyJpZCI6MTAsInNob3BfaWQiOjEsImNhdGVnb3J5X2lkIjozLCJjb3Zlcl9waWMiOiIxNTM2NjU5MDY1Ljc5NzI2MzcuanBnIiwibmFtZSI6Ilx1NzU2YVx1ODMwNFx1OWUyMVx1ODZjYiIsInByaWNlIjo0LjAsInN0YXR1cyI6MSwiY3JlYXRlX2F0IjoiMjAyMC0wNy0xMSAwOTo0NToxNCIsInVwZGF0ZV9hdCI6IjIwMjAtMDctMjUgMTA6MjA6MzAifSwiMTEiOnsiaWQiOjExLCJzaG9wX2lkIjoxLCJjYXRlZ29yeV9pZCI6MywiY292ZXJfcGljIjoiMTUzNjY1OTE5Ny43MjMxMjIxLmpwZyIsIm5hbWUiOiJcdTk3NTJcdTgzZGMiLCJwcmljZSI6NC4wLCJzdGF0dXMiOjEsImNyZWF0ZV9hdCI6IjIwMjAtMDctMTEgMDk6NDY6MzciLCJ1cGRhdGVfYXQiOiIyMDIwLTA3LTI1IDEwOjIwOjMwIn0sIjEyIjp7ImlkIjoxMiwic2hvcF9pZCI6MSwiY2F0ZWdvcnlfaWQiOjMsImNvdmVyX3BpYyI6IjE1MzY2NTkyNTMuODg0MjcxNi5qcGciLCJuYW1lIjoiXHU1MzU1XHU0ZWZkXHU5OTk5XHU4ZmEzXHU3YjBiXHU1ZTcyXHU3MGU3XHU4MDg5IiwicHJpY2UiOjE1LjAsInN0YXR1cyI6MSwiY3JlYXRlX2F0IjoiMjAyMC0wNy0xMSAwOTo0NzozMyIsInVwZGF0ZV9hdCI6IjIwMjAtMDctMjUgMTA6MjA6MzAifSwiMTMiOnsiaWQiOjEzLCJzaG9wX2lkIjoxLCJjYXRlZ29yeV9pZCI6NCwiY292ZXJfcGljIjoiMTUzNjY1OTMxMS44Njk5NDkzLmpwZyIsIm5hbWUiOiJcdTc1NmFcdTgzMDRcdTg2Y2JcdTgyYjFcdTZjNjQiLCJwcmljZSI6NC4wLCJzdGF0dXMiOjEsImNyZWF0ZV9hdCI6IjIwMjAtMDctMTEgMDk6NDg6MzEiLCJ1cGRhdGVfYXQiOiIyMDIwLTA3LTI1IDEwOjIwOjMwIn0sIjE0Ijp7ImlkIjoxNCwic2hvcF9pZCI6MSwiY2F0ZWdvcnlfaWQiOjQsImNvdmVyX3BpYyI6IjE1MzY2NTkzNjQuNzg5MjUxMy5qcGciLCJuYW1lIjoiXHU3MzhiXHU4MDAxXHU1NDA5IiwicHJpY2UiOjYuMCwic3RhdHVzIjoxLCJjcmVhdGVfYXQiOiIyMDIwLTA3LTExIDA5OjQ5OjI0IiwidXBkYXRlX2F0IjoiMjAyMC0wNy0yNSAxMDoyMDozMCJ9LCIxNSI6eyJpZCI6MTUsInNob3BfaWQiOjEsImNhdGVnb3J5X2lkIjo0LCJjb3Zlcl9waWMiOiIxNTM2NjU5NTYzLjM4OTc2NDguanBnIiwibmFtZSI6Ilx1Njc5Y1x1N2M5Mlx1NmE1OSIsInByaWNlIjo1LjAsInN0YXR1cyI6MSwiY3JlYXRlX2F0IjoiMjAyMC0wNy0xMSAwOTo1Mjo0MyIsInVwZGF0ZV9hdCI6IjIwMjAtMDctMjUgMTA6MjA6MzAifSwiMTYiOnsiaWQiOjE2LCJzaG9wX2lkIjoxLCJjYXRlZ29yeV9pZCI6NCwiY292ZXJfcGljIjoiMTUzNjY1OTYwNS41NTYxNzcxLmpwZyIsIm5hbWUiOiJcdTc3ZmZcdTZjYzlcdTZjMzQiLCJwcmljZSI6My4wLCJzdGF0dXMiOjEsImNyZWF0ZV9hdCI6IjIwMjAtMDctMTEgMDk6NTM6MjUiLCJ1cGRhdGVfYXQiOiIyMDIwLTA3LTI1IDEwOjIwOjMwIn0sIjE3Ijp7ImlkIjoxNywic2hvcF9pZCI6MSwiY2F0ZWdvcnlfaWQiOjQsImNvdmVyX3BpYyI6IjE1MzY2NTk2ODguNDg1NjE1Ny5qcGciLCJuYW1lIjoiXHU0ZTRjXHU2ODg1XHU2YzQxIiwicHJpY2UiOjQuMCwic3RhdHVzIjoxLCJjcmVhdGVfYXQiOiIyMDIwLTA3LTExIDA5OjU0OjQ4IiwidXBkYXRlX2F0IjoiMjAyMC0wNy0yNSAxMDoyMDozMCJ9fSwidG90YWxfc2Vzc2lvbiI6MCwibW9iaWxldXNlciI6eyJpZCI6MTcsIm5pY2tuYW1lIjoiXHU2N2VmXHU1MzU3IiwiYXZhdGFyIjoiMTY0MDU3MjYxNC4zMjU2NDA0LmpwZWciLCJtb2JpbGUiOiIxMzUzNDM0MzQzNCIsInN0YXR1cyI6MSwiY3JlYXRlX2F0IjoiMjAyMS0xMi0xMCAwNjowMTo1MCIsInVwZGF0ZV9hdCI6IjIwMjEtMTItMjcgMDI6MzY6NTQifSwidG90YWxfbW9uZXkiOjAsImNhcnRsaXN0Ijp7fX0=', '2022-01-10 02:37:00.945736');

-- ----------------------------
-- Table structure for member
-- ----------------------------
DROP TABLE IF EXISTS `member`;
CREATE TABLE `member`  (
  `id` int(0) UNSIGNED NOT NULL AUTO_INCREMENT COMMENT '会员表id',
  `nickname` varchar(50) CHARACTER SET utf8 COLLATE utf8_general_ci NULL DEFAULT NULL COMMENT '昵称',
  `avatar` varchar(255) CHARACTER SET utf8 COLLATE utf8_general_ci NULL DEFAULT NULL COMMENT '头像',
  `mobile` varchar(50) CHARACTER SET utf8 COLLATE utf8_general_ci NULL DEFAULT NULL COMMENT '电话',
  `status` tinyint(0) UNSIGNED NOT NULL DEFAULT 1 COMMENT '状态:1正常/2禁用/9删除',
  `create_at` datetime(0) NULL DEFAULT NULL COMMENT '添加时间',
  `update_at` datetime(0) NULL DEFAULT NULL COMMENT '修改时间',
  PRIMARY KEY (`id`) USING BTREE
) ENGINE = InnoDB AUTO_INCREMENT = 18 CHARACTER SET = utf8 COLLATE = utf8_general_ci ROW_FORMAT = Dynamic;

-- ----------------------------
-- Records of member
-- ----------------------------
INSERT INTO `member` VALUES (1, 'lixiaofeng', 'moren.png', '11234567899', 9, '2020-07-25 10:20:30', '2020-07-25 10:20:30');
INSERT INTO `member` VALUES (2, 'jack', 'moren.png', '12345678965', 1, '2020-07-25 10:20:30', '2020-07-25 10:20:30');
INSERT INTO `member` VALUES (3, 'wo879', 'moren.png', '13456789522', 1, '2020-07-25 10:20:30', '2020-07-25 10:20:30');
INSERT INTO `member` VALUES (4, 'mt100', 'moren.png', '13567895563', 1, '2020-07-25 10:20:30', '2020-07-25 10:20:30');
INSERT INTO `member` VALUES (5, '顾客', 'moren.png', '12345678901', 1, '2020-07-25 10:20:30', '2020-07-25 10:20:30');
INSERT INTO `member` VALUES (6, '顾客', 'moren.png', '12345678902', 1, '2020-07-25 10:20:30', '2020-07-25 10:20:30');
INSERT INTO `member` VALUES (7, '顾客', 'moren.png', '12345678903', 1, '2020-07-25 10:20:30', '2020-07-25 10:20:30');
INSERT INTO `member` VALUES (8, '顾客', 'moren.png', '12345678904', 1, '2020-07-25 10:20:30', '2020-07-25 10:20:30');
INSERT INTO `member` VALUES (9, '顾客', 'moren.png', '12345678905', 1, '2020-07-25 10:20:30', '2020-07-25 10:20:30');
INSERT INTO `member` VALUES (10, '顾客', 'moren.png', '12345678906', 1, '2020-07-25 10:20:30', '2020-07-25 10:20:30');
INSERT INTO `member` VALUES (11, '顾客', 'moren.png', '12345678909', 1, '2020-07-25 10:20:30', '2020-07-25 10:20:30');
INSERT INTO `member` VALUES (12, '顾客', 'moren.png', '18642805564', 1, '2020-07-25 10:20:30', '2020-07-25 10:20:30');
INSERT INTO `member` VALUES (13, '顾客', 'moren.png', '13116051729', 1, '2020-07-25 10:20:30', '2020-07-25 10:20:30');
INSERT INTO `member` VALUES (14, '顾客', 'moren.png', '13161485799', 1, '2020-07-25 10:20:30', '2020-07-25 10:20:30');
INSERT INTO `member` VALUES (15, '顾客', 'moren.png', '11234567888', 1, '2020-07-25 10:20:30', '2020-07-25 10:20:30');
INSERT INTO `member` VALUES (16, '顾客', 'moren.png', '19919940344', 1, '2020-07-25 10:20:30', '2020-07-25 10:20:30');
INSERT INTO `member` VALUES (17, '柯南', '1640572614.3256404.jpeg', '13534343434', 1, '2021-12-10 06:01:50', '2021-12-27 02:36:54');

-- ----------------------------
-- Table structure for migrations
-- ----------------------------
DROP TABLE IF EXISTS `migrations`;
CREATE TABLE `migrations`  (
  `id` int(0) UNSIGNED NOT NULL AUTO_INCREMENT,
  `migration` varchar(255) CHARACTER SET utf8mb4 COLLATE utf8mb4_unicode_ci NOT NULL,
  `batch` int(0) NOT NULL,
  PRIMARY KEY (`id`) USING BTREE
) ENGINE = MyISAM AUTO_INCREMENT = 1 CHARACTER SET = utf8mb4 COLLATE = utf8mb4_unicode_ci ROW_FORMAT = Dynamic;

-- ----------------------------
-- Records of migrations
-- ----------------------------

-- ----------------------------
-- Table structure for order_detail
-- ----------------------------
DROP TABLE IF EXISTS `order_detail`;
CREATE TABLE `order_detail`  (
  `id` int(0) UNSIGNED NOT NULL AUTO_INCREMENT COMMENT '订单详情id',
  `order_id` int(0) UNSIGNED NULL DEFAULT NULL COMMENT '订单id',
  `product_id` int(0) UNSIGNED NULL DEFAULT NULL COMMENT '菜品id',
  `product_name` varchar(50) CHARACTER SET utf8 COLLATE utf8_general_ci NULL DEFAULT NULL COMMENT '菜品名称',
  `price` double(6, 2) UNSIGNED NULL DEFAULT NULL COMMENT '单价',
  `quantity` int(0) UNSIGNED NOT NULL DEFAULT 1 COMMENT '数量',
  `status` tinyint(0) UNSIGNED NOT NULL DEFAULT 1 COMMENT '状态:1正常/9删除',
  PRIMARY KEY (`id`) USING BTREE
) ENGINE = InnoDB AUTO_INCREMENT = 55 CHARACTER SET = utf8 COLLATE = utf8_general_ci COMMENT = '订单详情信息表' ROW_FORMAT = Dynamic;

-- ----------------------------
-- Records of order_detail
-- ----------------------------
INSERT INTO `order_detail` VALUES (36, 22, 1, '红烧肉+狮子头+饮料', 25.00, 1, 1);
INSERT INTO `order_detail` VALUES (37, 22, 11, '青菜', 4.00, 1, 1);
INSERT INTO `order_detail` VALUES (38, 22, 16, '矿泉水', 3.00, 1, 1);
INSERT INTO `order_detail` VALUES (39, 22, 6, '木须肉饭', 16.00, 1, 1);
INSERT INTO `order_detail` VALUES (40, 23, 3, '梅菜扣肉+番茄鸡蛋', 22.00, 1, 1);
INSERT INTO `order_detail` VALUES (41, 23, 7, '肥牛饭', 19.00, 1, 1);
INSERT INTO `order_detail` VALUES (42, 23, 15, '果粒橙', 5.00, 1, 1);
INSERT INTO `order_detail` VALUES (43, 24, 1, '红烧肉+狮子头+饮料', 25.00, 1, 1);
INSERT INTO `order_detail` VALUES (44, 24, 17, '乌梅汁', 4.00, 1, 1);
INSERT INTO `order_detail` VALUES (45, 25, 1, '红烧肉+狮子头+饮料', 25.00, 1, 1);
INSERT INTO `order_detail` VALUES (46, 25, 2, '红烧肉+番茄鸡蛋', 22.00, 1, 1);
INSERT INTO `order_detail` VALUES (47, 26, 1, '红烧肉+狮子头+饮料', 25.00, 1, 1);
INSERT INTO `order_detail` VALUES (48, 26, 2, '红烧肉+番茄鸡蛋', 22.00, 1, 1);
INSERT INTO `order_detail` VALUES (49, 26, 16, '矿泉水', 3.00, 1, 1);
INSERT INTO `order_detail` VALUES (50, 27, 1, '红烧肉+狮子头+饮料', 25.00, 1, 1);
INSERT INTO `order_detail` VALUES (51, 27, 2, '红烧肉+番茄鸡蛋', 22.00, 1, 1);
INSERT INTO `order_detail` VALUES (52, 27, 16, '矿泉水', 3.00, 1, 1);
INSERT INTO `order_detail` VALUES (53, 28, 1, '红烧肉+狮子头+饮料', 25.00, 1, 1);
INSERT INTO `order_detail` VALUES (54, 28, 2, '红烧肉+番茄鸡蛋', 22.00, 1, 1);
INSERT INTO `order_detail` VALUES (55, 29, 2, '红烧肉+番茄鸡蛋', 22.00, 1, 1);

-- ----------------------------
-- Table structure for orders
-- ----------------------------
DROP TABLE IF EXISTS `orders`;
CREATE TABLE `orders`  (
  `id` int(0) UNSIGNED NOT NULL AUTO_INCREMENT COMMENT '订单表id',
  `shop_id` int(0) UNSIGNED NULL DEFAULT NULL COMMENT '店铺id号',
  `member_id` int(0) UNSIGNED NULL DEFAULT NULL COMMENT '会员id',
  `user_id` int(0) UNSIGNED NULL DEFAULT NULL COMMENT '操作员id',
  `money` double(8, 2) NULL DEFAULT NULL COMMENT '金额',
  `status` tinyint(0) UNSIGNED NULL DEFAULT NULL COMMENT '订单状态:1过行中/2无效/3已完成',
  `payment_status` tinyint(0) UNSIGNED NULL DEFAULT NULL COMMENT '支付状态:1未支付/2已支付/3已退款',
  `create_at` datetime(0) NULL DEFAULT NULL COMMENT '添加时间',
  `update_at` datetime(0) NULL DEFAULT NULL COMMENT '修改时间',
  PRIMARY KEY (`id`) USING BTREE
) ENGINE = InnoDB AUTO_INCREMENT = 29 CHARACTER SET = utf8 COLLATE = utf8_general_ci ROW_FORMAT = Dynamic;

-- ----------------------------
-- Records of orders
-- ----------------------------
INSERT INTO `orders` VALUES (22, 1, 0, 1, 48.00, 2, 2, '2021-12-08 07:25:00', '2021-12-08 07:25:00');
INSERT INTO `orders` VALUES (23, 1, 0, 1, 46.00, 3, 2, '2021-12-08 07:26:22', '2021-12-08 07:26:22');
INSERT INTO `orders` VALUES (24, 1, 0, 1, 29.00, 1, 2, '2021-12-08 08:35:09', '2021-12-08 08:35:09');
INSERT INTO `orders` VALUES (25, 1, 17, 0, 47.00, 1, 2, '2021-12-15 04:56:35', '2021-12-15 04:56:35');
INSERT INTO `orders` VALUES (26, 1, 17, 0, 50.00, 1, 2, '2021-12-15 04:57:05', '2021-12-15 04:57:05');
INSERT INTO `orders` VALUES (27, 1, 17, 0, 50.00, 3, 2, '2021-12-15 04:58:57', '2021-12-15 04:58:57');
INSERT INTO `orders` VALUES (28, 1, 17, 0, 50.00, 1, 2, '2021-12-15 05:00:53', '2021-12-15 05:00:53');
INSERT INTO `orders` VALUES (29, 1, 17, 0, 22.00, 1, 2, '2021-12-15 05:01:30', '2021-12-15 05:01:30');

-- ----------------------------
-- Table structure for payment
-- ----------------------------
DROP TABLE IF EXISTS `payment`;
CREATE TABLE `payment`  (
  `id` int(0) UNSIGNED NOT NULL AUTO_INCREMENT COMMENT '支付表id',
  `order_id` int(0) UNSIGNED NULL DEFAULT NULL COMMENT '订单id',
  `member_id` int(0) UNSIGNED NULL DEFAULT NULL COMMENT '会员id',
  `money` double(8, 2) UNSIGNED NULL DEFAULT NULL COMMENT '支付金额',
  `type` tinyint(0) UNSIGNED NULL DEFAULT NULL COMMENT '付款方式：1会员付款/2收银收款',
  `bank` tinyint(0) UNSIGNED NULL DEFAULT NULL COMMENT '收款银行渠道:1微信/2余额/3现金/4支付宝',
  `status` tinyint(0) UNSIGNED NULL DEFAULT NULL COMMENT '支付状态:1未支付/2已支付/3已退款',
  `create_at` datetime(0) NULL DEFAULT NULL COMMENT '添加时间',
  `update_at` datetime(0) NULL DEFAULT NULL COMMENT '修改时间',
  PRIMARY KEY (`id`) USING BTREE
) ENGINE = InnoDB AUTO_INCREMENT = 21 CHARACTER SET = utf8 COLLATE = utf8_general_ci ROW_FORMAT = Dynamic;

-- ----------------------------
-- Records of payment
-- ----------------------------
INSERT INTO `payment` VALUES (14, 22, 0, 48.00, 2, 1, 2, '2021-12-08 07:25:01', '2021-12-08 07:25:01');
INSERT INTO `payment` VALUES (15, 23, 0, 46.00, 2, 3, 2, '2021-12-08 07:26:22', '2021-12-08 07:26:22');
INSERT INTO `payment` VALUES (16, 24, 0, 29.00, 2, 1, 2, '2021-12-08 08:35:09', '2021-12-08 08:35:09');
INSERT INTO `payment` VALUES (17, 25, 17, 47.00, 2, 4, 2, '2021-12-15 04:56:37', '2021-12-15 04:56:37');
INSERT INTO `payment` VALUES (18, 26, 17, 50.00, 2, 1, 2, '2021-12-15 04:57:06', '2021-12-15 04:57:06');
INSERT INTO `payment` VALUES (19, 27, 17, 50.00, 2, 1, 2, '2021-12-15 04:58:57', '2021-12-15 04:58:57');
INSERT INTO `payment` VALUES (20, 28, 17, 50.00, 2, 1, 2, '2021-12-15 05:00:53', '2021-12-15 05:00:53');
INSERT INTO `payment` VALUES (21, 29, 17, 22.00, 2, 1, 2, '2021-12-15 05:01:30', '2021-12-15 05:01:30');

-- ----------------------------
-- Table structure for product
-- ----------------------------
DROP TABLE IF EXISTS `product`;
CREATE TABLE `product`  (
  `id` int(0) UNSIGNED NOT NULL AUTO_INCREMENT COMMENT '菜品id',
  `shop_id` int(0) NULL DEFAULT NULL COMMENT '店铺id',
  `category_id` int(0) NULL DEFAULT NULL COMMENT '菜品分类id',
  `cover_pic` varchar(50) CHARACTER SET utf8 COLLATE utf8_general_ci NULL DEFAULT NULL COMMENT '菜品图片',
  `name` varchar(50) CHARACTER SET utf8 COLLATE utf8_general_ci NULL DEFAULT NULL COMMENT '菜品名称',
  `price` double(6, 2) NULL DEFAULT NULL COMMENT '单价',
  `status` tinyint(0) NULL DEFAULT NULL COMMENT '状态：1:正常  2:停售  9:删除',
  `create_at` datetime(0) NULL DEFAULT NULL COMMENT '添加时间',
  `update_at` datetime(0) NULL DEFAULT NULL COMMENT '修改时间',
  PRIMARY KEY (`id`) USING BTREE
) ENGINE = InnoDB AUTO_INCREMENT = 21 CHARACTER SET = utf8 COLLATE = utf8_general_ci ROW_FORMAT = Dynamic;

-- ----------------------------
-- Records of product
-- ----------------------------
INSERT INTO `product` VALUES (1, 1, 1, '1536657620.5485704.jpg', '红烧肉+狮子头+饮料', 25.00, 1, '2020-07-11 09:20:20', '2020-07-25 10:20:30');
INSERT INTO `product` VALUES (2, 1, 1, '1536658352.9341557.jpg', '红烧肉+番茄鸡蛋', 22.00, 1, '2020-07-11 09:32:32', '2020-07-25 10:20:30');
INSERT INTO `product` VALUES (3, 1, 1, '1536658415.6838002.jpg', '梅菜扣肉+番茄鸡蛋', 22.00, 1, '2020-07-11 09:33:35', '2020-07-25 10:20:30');
INSERT INTO `product` VALUES (4, 1, 1, '1536658574.2847373.jpg', '肥牛+番茄鸡蛋', 22.00, 1, '2020-07-11 09:36:14', '2020-07-25 10:20:30');
INSERT INTO `product` VALUES (5, 1, 2, '1536658659.0446993.jpg', '梅菜扣肉饭', 19.00, 1, '2020-07-11 09:37:39', '2020-07-25 10:20:30');
INSERT INTO `product` VALUES (6, 1, 2, '1536658824.3976505.jpg', '木须肉饭', 16.00, 1, '2020-07-11 09:40:24', '2020-07-25 10:20:30');
INSERT INTO `product` VALUES (7, 1, 2, '1536658863.6732855.jpg', '肥牛饭', 19.00, 1, '2020-07-11 09:41:03', '2020-07-25 10:20:30');
INSERT INTO `product` VALUES (8, 1, 2, '1536658960.3954134.jpg', '无骨咖喱鸡饭', 18.00, 1, '2020-07-11 09:42:40', '2020-07-25 10:20:30');
INSERT INTO `product` VALUES (9, 1, 3, '1536659114.0440235.jpg', '木须肉', 12.00, 1, '2020-07-11 09:44:25', '2020-07-25 10:20:30');
INSERT INTO `product` VALUES (10, 1, 3, '1536659065.7972637.jpg', '番茄鸡蛋', 4.00, 1, '2020-07-11 09:45:14', '2020-07-25 10:20:30');
INSERT INTO `product` VALUES (11, 1, 3, '1536659197.7231221.jpg', '青菜', 4.00, 1, '2020-07-11 09:46:37', '2020-07-25 10:20:30');
INSERT INTO `product` VALUES (12, 1, 3, '1536659253.8842716.jpg', '单份香辣笋干烧肉', 15.00, 1, '2020-07-11 09:47:33', '2020-07-25 10:20:30');
INSERT INTO `product` VALUES (13, 1, 4, '1536659311.8699493.jpg', '番茄蛋花汤', 4.00, 1, '2020-07-11 09:48:31', '2020-07-25 10:20:30');
INSERT INTO `product` VALUES (14, 1, 4, '1536659364.7892513.jpg', '王老吉', 6.00, 1, '2020-07-11 09:49:24', '2020-07-25 10:20:30');
INSERT INTO `product` VALUES (15, 1, 4, '1536659563.3897648.jpg', '果粒橙', 5.00, 1, '2020-07-11 09:52:43', '2020-07-25 10:20:30');
INSERT INTO `product` VALUES (16, 1, 4, '1536659605.5561771.jpg', '矿泉水', 3.00, 1, '2020-07-11 09:53:25', '2020-07-25 10:20:30');
INSERT INTO `product` VALUES (17, 1, 4, '1536659688.4856157.jpg', '乌梅汁', 4.00, 1, '2020-07-11 09:54:48', '2020-07-25 10:20:30');
INSERT INTO `product` VALUES (18, 2, 7, '1536659065.7972636.jpg', '番茄鸡蛋', 4.00, 1, '2020-07-04 06:17:18', '2020-07-25 10:20:30');
INSERT INTO `product` VALUES (19, 3, 10, '1536658666.8341557.jpg', '红烧肉+西红柿鸡蛋', 24.00, 1, '2020-07-06 08:46:28', '2020-07-25 07:34:07');

-- ----------------------------
-- Table structure for shop
-- ----------------------------
DROP TABLE IF EXISTS `shop`;
CREATE TABLE `shop`  (
  `id` int(0) UNSIGNED NOT NULL AUTO_INCREMENT COMMENT '店铺id',
  `name` varchar(255) CHARACTER SET utf8 COLLATE utf8_general_ci NOT NULL COMMENT '店铺名称',
  `cover_pic` varchar(255) CHARACTER SET utf8 COLLATE utf8_general_ci NULL DEFAULT NULL COMMENT '封面图片',
  `banner_pic` varchar(255) CHARACTER SET utf8 COLLATE utf8_general_ci NULL DEFAULT NULL COMMENT '图标Logo',
  `address` varchar(255) CHARACTER SET utf8 COLLATE utf8_general_ci NULL DEFAULT NULL COMMENT '店铺地址',
  `phone` varchar(255) CHARACTER SET utf8 COLLATE utf8_general_ci NULL DEFAULT NULL COMMENT '联系电话',
  `status` tinyint(0) NOT NULL DEFAULT 1 COMMENT '状态：1:正常 2:暂停 9:删除',
  `create_at` datetime(0) NULL DEFAULT NULL COMMENT '添加时间',
  `update_at` datetime(0) NULL DEFAULT NULL COMMENT '修改时间',
  PRIMARY KEY (`id`) USING BTREE
) ENGINE = InnoDB AUTO_INCREMENT = 9 CHARACTER SET = utf8 COLLATE = utf8_general_ci ROW_FORMAT = Dynamic;

-- ----------------------------
-- Records of shop
-- ----------------------------
INSERT INTO `shop` VALUES (1, '田老师红烧肉-朝阳将台路店', '12341234.jpg', 'lg.jpg', '北京市朝阳区将台乡东八间房村西临8号', '12345678905', 1, '2020-07-20 10:12:34', '2020-07-24 12:34:56');
INSERT INTO `shop` VALUES (2, '田老师红烧肉-海淀区上地店', '57892456.jpg', 'lg.jpg', '北京市海定区上地三街嘉华大厦A座10号', '13456789209', 1, '2020-07-21 12:23:45', '2020-07-22 20:42:16');
INSERT INTO `shop` VALUES (3, '田老师红烧肉-西城玉渊潭店', '23454567.jpg', 'lg.jpg', '北京市宣武区玉渊潭南路东123号', '12345677654', 1, '2020-07-24 08:20:32', '2020-07-25 06:06:07');

-- ----------------------------
-- Table structure for user
-- ----------------------------
DROP TABLE IF EXISTS `user`;
CREATE TABLE `user`  (
  `id` int(0) UNSIGNED NOT NULL AUTO_INCREMENT COMMENT '员工账号id',
  `username` varchar(50) CHARACTER SET utf8 COLLATE utf8_general_ci NULL DEFAULT NULL COMMENT '员工账号',
  `nickname` varchar(50) CHARACTER SET utf8 COLLATE utf8_general_ci NULL DEFAULT NULL COMMENT '昵称',
  `password_hash` varchar(100) CHARACTER SET utf8 COLLATE utf8_general_ci NULL DEFAULT NULL COMMENT '密码',
  `password_salt` varchar(50) CHARACTER SET utf8 COLLATE utf8_general_ci NULL DEFAULT NULL COMMENT '密码干扰值',
  `status` tinyint(0) UNSIGNED NOT NULL DEFAULT 1 COMMENT '状态:1正常/2禁用/9删除',
  `create_at` datetime(0) NULL DEFAULT NULL COMMENT '创建时间',
  `update_at` datetime(0) NULL DEFAULT NULL COMMENT '修改时间',
  PRIMARY KEY (`id`) USING BTREE
) ENGINE = InnoDB AUTO_INCREMENT = 15 CHARACTER SET = utf8 COLLATE = utf8_general_ci ROW_FORMAT = Dynamic;

-- ----------------------------
-- Records of user
-- ----------------------------
INSERT INTO `user` VALUES (1, 'zhangsan', '张三', '525e9884506b8aefc6f10b687264a679', '933056', 6, '2020-07-08 18:18:18', '2021-12-26 02:30:26');
INSERT INTO `user` VALUES (2, 'lisi', '李四', '6d0c8b1527befbbea44e86fe2f765fc9', '849362', 1, '2020-07-18 08:08:18', '2021-12-26 02:31:42');
INSERT INTO `user` VALUES (3, 'xiaoli', '小李子', 'c8a7ca8b274f29cf2c1147a8e0f685a4', '639776', 6, '2020-07-07 07:53:57', '2020-07-08 20:18:18');
INSERT INTO `user` VALUES (4, 'zhangwuji', '张无忌', 'cbb748964d243e38f032b78886db824c', '437809', 9, '2020-02-18 09:06:54', '2020-01-14 03:36:25');
INSERT INTO `user` VALUES (5, 'zhaomin', '赵敏', '27c744b428b997675c4383e7eae974c3', '486570', 2, '2020-02-18 09:07:40', '2020-02-18 09:07:40');
INSERT INTO `user` VALUES (6, 'cuihua', '翠花', 'b5a7379148116549de083f5076233bef', '810418', 2, '2020-02-18 09:08:35', '2020-03-08 20:18:09');
INSERT INTO `user` VALUES (7, 'zhangle', '张乐', '7177bd35ad232f0830fe5c10dcc24b1c', '350013', 2, '2020-02-19 06:11:16', '2020-02-19 12:33:19');
INSERT INTO `user` VALUES (8, 'uu01', '小优', 'a0811c52452216c63e52da04337e9216', '268818', 1, '2020-01-03 10:27:04', '2020-01-03 10:27:04');
INSERT INTO `user` VALUES (9, 'uu02', '小优2', '56322ead3e2371636ac2395c8399297f', '112245', 1, '2020-01-03 10:37:37', '2020-01-03 10:37:37');
INSERT INTO `user` VALUES (10, 'uu03', '小优3', '8e7d0c4077c73ad60c23367625d4346f', '238764', 1, '2020-01-03 11:24:48', '2020-01-03 11:24:48');
INSERT INTO `user` VALUES (11, 'uu04', '小优4', '5eec167b09ea13497843274969460d67', '642960', 1, '2020-01-03 11:27:00', '2020-01-03 11:27:00');
INSERT INTO `user` VALUES (12, 'uu123', '小优', '5c2e9f69b05413b806dc6951b0f86e51', '102905', 1, '2020-01-13 23:51:01', '2020-01-13 23:51:01');
INSERT INTO `user` VALUES (13, 'uu666', '小优3', '99e89e8245d9f6f0628b5a59299bd9f7', '673778', 1, '2020-01-13 23:52:13', '2020-01-13 23:52:13');
INSERT INTO `user` VALUES (14, 'mm', '小美', '05775bb481d11f0648b158cd40a7929c', '627985', 1, '2020-01-14 01:25:57', '2020-01-14 01:25:57');
INSERT INTO `user` VALUES (15, 'zhangsan123', '张师傅', '0c1b06eebda314d9d92d84a7cf1b145c', '236078', 6, '2021-11-19 02:21:41', '2021-12-07 02:16:23');

SET FOREIGN_KEY_CHECKS = 1;
